주소명,권역,주소,층,"엘리베이터유무(x:0,y:1)",난이도,동시작,동 끝
1000,1,서울 강남구 대치동66 대치쌍용1차아파트,15,1,,1,6
1001,1,서울 강남구 영동대로202 LG전자 베스트샵 대치본점,4,1,,,
1002,1,서울 강남구 영동대로 210 쌍용종합상가,5,0,,,
1003,1,서울 강남구 영동대로 216 하나은행 학여울역지점,3,1,,,
1004,1,서울 강남구 영동대로 50길 10 엠솔학원,3,0,,,
1005,1,서울 강남구 영동대로 50길 14 킹즈키즈 대치점,4,1,,,
1006,2,서울 강남구 대치동 대치우성1차아파트주택재건축 지구,3,0,,,
1007,2,서울 강남구 영동대로 230 우성상가,3,0,,,
1008,2,서울 강남구 대치동 65 대치쌍용2차아파트,3,0,,1,10
1009,3,서울 강남구 삼성로 212 한보은마아파트,15,1,,1,8
1010,4,서울 강남구 삼성로 212 한보은마아파트,15,1,,9,15
1011,5,서울 강남구 삼성로 212 한보은마아파트,15,1,,16,22
1012,5,서울 강남구 삼성로 212-2 창의수학학원,5,0,,,
1013,6,서울 강남구 삼성로 212 은마종합상가,5,0,,,
1014,6,서울 강남구 삼성로 212 한보은마아파트,15,1,,23,31
1015,7,서울 강남구 영동대로 330-7,5,1,,,
1016,7,서울 강남구 영동대로72길 10,4,1,,,
1017,7,서울 강남구 영동대로 342,3,1,,,
1018,7,서울 강남구 대치동 983-2,3,0,,,
1019,7,서울 강남구 대치동 983-2,4,0,,,
1020,8,서울 강남구 도곡로93길 12 래미안,14,1,,201,206
1021,8,서울 강남구 대치동 986-12,5,0,,,
1022,8,서울 강남구 대치동 986-4,3,0,,,
1023,8,서울 강남구 도곡로93길 23 르엘아파트,15,1,,101,106
1024,8,서울 강남구 삼성로64길 40 하이캐슬아파트,10,1,,101,102
1025,8,서울 강남구 삼성로64길 41 대치종합시장상가,4,0,,,
1026,8,서울 강남구 도곡로 529 대치 F/X,3,0,,,
1027,8,서울 강남구 영동대로65길 11 대치육아종합지원센터,6,1,,,
1028,9,서울 강남구 대치동 982-10,4,0,,,
1029,9,서울 강남구 대치동 982-4,2,0,,,
1030,9,서울 강남구 대치동 980-5,4,1,,,
1031,9,서울 강남구 대치동 980-17,5,0,,,
1032,9,서울 강남구 대치동 979-20,3,0,,,
1033,9,서울 강남구 대치동 979-6,3,0,,,
1034,10,서울 강남구 도곡로 505,3,0,,,
1035,10,서울 강남구 삼성로64길 5 대치현대종합상가,5,1,,,
1036,10,서울 강남구 삼성로 64길5 대치현대아파트,24,1,,101,108
1037,10,서울 강남구 삼성로 324 신해청상가,5,1,,,
1038,10,서울 강남구 도곡로 515 한도산업사옥,4,0,,,
1039,11,서울 강남구 삼성로64길 25,7,0,,,
1040,11,서울 강남구 역삼로84길 8,3,0,,,
1041,11,서울 강남구 삼성로 342 세정빌딩,5,0,,,
1042,12,서울 강남구 영동대로 416 케이티앤지타워,6,0,,,
1043,12,서울 강남구 테헤란로108길42 엠디엠타워,5,1,,,
1044,12,서울 강남구 역삼로 103길 8 한국정밀빌딩,5,0,,,
1045,12,서울 강남구 테헤란로 114길 38 동일타워,7,0,,,
1046,12,서울 강남구 영동대로 86길 10-6 하나빌딩,3,0,,,
1047,12,서울 강남구 테헤란로 104길 12 양유빌딩,7,0,,,
1048,12,서울 강남구 테헤란로 104길 7 디에이그룹2빌딩,8,1,,,
1049,12,서울 강남구 테헤란로 614 슈페리어빌딩,7,1,,,
1050,12,서울 강남구 테헤란로 624 오로라월드빌딩,8,1,,,
1051,12,서울 테헤란로108길 25 대동빌딩,7,0,,,
1052,13,서울 강남구 역삼로 555 w타워 오피스텔,10,1,,,
1053,13,서울 강남구 영동대로 417 오토웨이타워,7,0,,,
1054,13,서울 강남구 영동대로85길 9 서전빌딩,5,0,,,
1055,13,서울 강남구 테헤란로 98길 8 KT&G 대치타워,7,1,,,
1056,13,서울 강남구 영동대로 429 세아빌딩,5,1,,,
1057,13,서울 강남구 테헤란로 534 글라스타워,8,1,,,
1058,13,서울 강남구 테헤란로 526 삼성빌딩,5,0,,,
1059,13,서울 강남구 테헤란로 520 삼안빌딩,6,0,,,
1060,13,서울 강남구 테헤란로 88길 17 세안빌딩,3,0,,,
1061,13,서울 강남구 영동대로 85길 34 대치2차아이파크 오피스텔,8,1,,,
1062,13,서울 강남구 테헤란로 98길 15 송강빌딩,4,0,,,
1063,14,서울 강남구 삼성로 408 경승빌딩,5,0,,,
1064,14,서울 강남구 역삼로 511-7 대치힐빌리,5,0,,,
1065,14,서울 강남구 역삼로 517 정명빌딩,5,1,,,
1066,14,서울 강남구 역삼로87길7 라임빌라,7,0,,,
1067,14,서울 강남구 삼성로 76길 20 삼성힐,5,0,,,
1068,14,서울 강남구 삼성로 82길 26 제이에스빌딩,5,0,,,
1069,14,서울 강남구 역삼로 87길 15 현대골든빌,4,0,,,
1070,14,서울 강남구 역삼로 83길 14 남호주택,2,0,,,
1071,14,서울 강남구 역삼로 81길 22 프라임빌,3,0,,,
1072,14,서울 강남구 삼성로 420,4,1,,,
1073,15,서울 강남구 테헤란로 504 해성빌딩,7,1,,,
1074,15,서울 강남구 테헤란로 512 신안빌딩,5,1,,,
1075,15,서울 강남구 테헤란로 86길 17 대연빌딩,5,0,,,
1076,15,서울 강남구 테헤란로 86길 16 덕유빌딩,7,1,,,
1077,15,서울 강남구 삼성로 84길 30 소트캐피탈파트너스,5,0,,,
1078,15,서울 강남구 삼성로 82길 21 삼성오에이,4,0,,,
1079,15,서울 강남구 삼성로 428 플러스앤파트너스,5,0,,,
1080,15,서울 강남구 삼성로 82길 11 리얼페이,5,0,,,
1081,15,서울 강남구 삼성로 434 쥬비스타워,5,0,,,
1082,15,서울 강남구 삼성로 438 도화타워,7,1,,,
1083,16,서울 강남구 삼성로 51길 11,5,0,,,
1084,16,서울 강남구 삼성로 51길 35 래미안 대치팰리스(2단지),35,1,,201,204
1085,16,서울 강남구 삼성로 51길 7 서울교회,7,1,,,
1086,16,서울 강남구 삼성로 221 혜성빌딩,3,0,,,
1087,16,서울 강남구 삼성로 223 진양초록빌딩,4,0,,,
1088,16,서울 강남구 남부순환로 397길 5 미도맨션,5,0,,,
1089,16,서울 강남구 남부순환로 2937 까치빌딩,5,0,,,
1090,16,서울 강남구 남부순환로395길 10,10,1,,,
1091,16,서울 강남구 남부순환로 2947,6,0,,,
1092,16,서울 강남구 남부순환로 2941 대치탑프라자,5,1,,,
1093,16,서울 강남구 남부순환로 2931 ,3,0,,,
1094,17,서울 강남구 삼성로 57길 45 대치삼성래미안2차아파트,22,1,,105,113
1095,17,서울 강남구 도곡로 78길 22 대치삼성래미안아파트,24,1,,101,104
1096,17,서울 강남구 대치동 1019-3 대치더클래스,10,1,,,
1097,17,서울 강남구 삼성로 225 아주빌딩,7,0,,,
1098,17,서울 강남구 삼성로 231 금마빌딩,3,0,,,
1099,17,서울 강남구 삼성로 233 신사빌딩,4,0,,,
1100,17,서울 강남구 도곡로 458 정일빌딩,5,1,,,
1101,17,서울 강남구 도곡로 454 알파마이티대치빌딩,5,1,,,
1102,17,서울 강남구 도곡로 444 일억조빌딩,5,0,,,
1103,17,서울 강남구 삼성로57길 19,5,0,,,
1104,17,서울 강남구 57길 54 태정빌딩,4,0,,,
1105,17,서울 강남구 삼성로 57길 36 대덕빌딩,7,0,,,
1106,18,서울 강남구 삼성로 51길 37 래미안대치팰리스1단지아파트,25,1,,101,113
1107,18,서울 강남구 삼성로 51길 42 남선빌딩,7,0,,,
1108,18,서울 강남구 남부순환로 2927 대치클래시아,8,1,,,
1109,18,서울 강남구 남부순환로 2921 남서울종합상가,3,0,,,
1110,18,서울 강남구 남부순환로 2911-1 성보2빌딩,4,0,,,
1111,19,서울 강남구 선릉로 206 대치동부센트레빌아파트,25,1,,7,
1112,19,서울 강남구 선릉로206,5,0,,,
1113,19,서울 강남구 남부순환로 2909 여천빌딩,4,0,,,
1114,19,서울 강남구 남부순환로 391길 15,5,0,,,
1115,19,서울 강남구 남부순환로 391길 19 대치1문화센터,4,1,,,
1116,19,서울 강남구 남부순환로 391길 25 성은교회,3,0,,,
1117,20,서울 강남구 선릉로 222 대치아이파크아파트,25,1,,101,111
1118,20,서울 강남구 도곡로 404 대치동롯데캐슬리베아파트,20,1,,101,108
1119,20,서울 강남구 도곡로 418 강원빌딩,5,0,,,
1120,20,서울 강남구 도곡로 414 삼성빌딩,5,0,,,
1121,20,서울 강남구 도곡로 63길 23 성진회관,5,0,,,
1122,21,서울 강남구 도곡로 443 금성빌딩,5,0,,,
1123,21,서울 강남구 삼성로 311 제동빌딩,5,1,,,
1124,21,서울 강남구 삼성로 63길 19,5,0,,,
1125,21,서울 강남구 삼성로 63길11 형지빌,4,0,,,
1126,21,서울 강남구 삼성로 331,5,0,,,
1127,21,서울 강남구 삼성로 67길 5,5,0,,,
1128,21,서울 강남구 삼성로 67길 13,2,0,,,
1129,21,서울 강남구 삼성로 67길 21,4,0,,,
1130,22,서울 강남구 삼성로 67길 14 도성아파트,7,1,,,
1131,22,서울 강남구 삼성로 67길 22,4,0,,,
1132,22,서울 강남구 역삼로 468,3,1,,,
1133,22,서울 강남구 삼성로 71길5,3,1,,,
1134,22,서울 강남구 삼성로 71길 12 주원빌딩,3,1,,,
1135,22,서울 강남구 삼성로 71길 18,5,1,,,
1136,22,서울 강남구 삼성로 69길 10,2,0,,,
1137,22,서울 강남구 삼성로 69길 20,3,0,,,
1138,22,서울 강남구 삼성로 63길12,5,0,,,
1139,22,서울 강남구 삼성로 63길12-12,5,0,,,
1140,22,서울 강남구 삼성로 63길 16-19 조음찬주택,7,0,,,
1141,23,서울 강남구 도곡로77길 3,8,1,,,
1142,23,서울 강남구 도곡로 429,5,1,,,
1143,23,서울 강남구 도곡로 419,5,0,,,
1144,23,서울 강남구 도곡로69길 16 청원아파트,10,1,,101,102
1145,23,서울 강남구 삼성로 63길 45 삼성빌라,5,0,,,
1146,23,서울 강남구 삼성로 63길 37 한티아파트,7,1,,101,102
1147,23,서울 강남구 삼성로 61길 36 나그랑빌,2,0,,,
1148,23,서울 강남구 도곡로77길 15 현대빌라,5,0,,,
1149,23,서울 강남구 삼성로67길 27 예인쉐르빌,5,0,,,
1150,23,서울 강남구 도곡로 73길 38 푸른들빌라,5,0,,,
1151,23,서울 강남구 삼성로 63길 48-40,2,0,,,
1152,23,서울 강남구 삼성로 67길 53 스톤빌리지대치4차아파트,11,1,,,
1153,23,서울 강남구 삼성로63길 52,4,1,,,
1154,24,서울 강남구 선릉로 326 도일상가,4,0,,,
1155,24,서울 강남구 도곡로 413,12,1,,,
1156,24,서울 강남구 도곡로 409,7,1,,,
1157,24,서울 강남구 선릉로 64길40,7,0,,,
1158,24,서울 강남구 선릉로64길 24,3,0,,,
1159,24,서울 강남구 도곡로 63길 30,2,0,,,
1160,24,서울 강남구 선릉로 64길 15-15,3,0,,,
1161,24,서울 강남구 선릉로64길 11-5,4,1,,,
1162,25,서울 강남구 선릉로72길 45 대치풍림아이원2차아파트,8,1,,,
1163,25,서울 강남구 역삼로74길20 동산빌라,5,0,,,
1164,25,서울 강남구 선릉로68길 33 현경빌라,5,0,,,
1165,25,서울 강남구 선릉로72길 10-13 더힐하우스,5,1,,,
1166,25,서울 강남구 선릉로 328 남서울상가,3,0,,,
1167,25,서울 강남구 선릉로 340 대치 EM프라자,4,1,,,
1168,25,서울 강남구 선릉로72길 10-7,5,1,,,
1169,25,서울 강남구 선릉로72길38,4,1,,,
1170,25,서울 강남구 역삼로 70길 24,5,0,,,
1171,25,서울 강남구 역삼로 64길 23,2,0,,,
1172,26,서울 강남구 대치동 903-20,4,0,,,
1173,26,서울 강남구 역삼로 455-6,4,0,,,
1174,26,서울특별시 강남구 대치동 901-28,3,0,,,
1175,26,서울특별시 강남구 대치동 901-53,4,0,,,
1176,26,서울특별시 강남구 대치동 901-5,6,1,,,
1177,26,서울특별시 강남구 대치동 901-10,4,0,,,
1178,26,서울특별시 강남구 대치동 905-11,4,0,,,
1179,27,서울특별시 강남구 대치동 893,15,1,,101,103
1180,27,서울특별시 강남구 대치동 894-7,5,0,,,
1181,27,서울특별시 강남구 대치동 894-11,4,0,,,
1182,27,서울특별시 강남구 대치동 891-47,3,0,,,
1183,27,서울특별시 강남구 대치동 891-50,8,1,,,
1184,27,서울특별시 강남구 대치동 891-40,4,0,,,
1185,27,서울특별시 강남구 대치동 891-11,10,1,,,
1186,27,서울특별시 강남구 대치동 896-19,5,0,,,
1187,27,서울특별시 강남구 대치동 896-9,4,0,,,
1188,28,서울특별시 강남구 대치동 900-59,5,0,,,
1189,28,서울특별시 강남구 대치동 897-24,4,0,,,
1190,28,서울특별시 강남구 대치동 899-5,4,0,,,
1191,28,서울특별시 강남구 대치동 898-21,6,1,,,
1192,28,서울특별시 강남구 대치동 898-2,4,1,,,
1193,28,서울특별시 강남구 대치동 889-75,4,0,,,
1194,28,서울특별시 강남구 대치동 889-60,4,0,,,
1195,28,서울특별시 강남구 대치동 889-53,6,1,,,
1196,28,서울특별시 강남구 대치동 890-56,5,1,,,
1197,29,서울특별시 강남구 도곡동 91-5,15,1,,101,110
1198,30,서울특별시 강남구 도곡동 538-3,15,1,,101,108
1199,31,서울특별시 강남구 도곡동 527,15,1,,201,212
1200,32,서울특별시 강남구 역삼동 757,15,1,,101,112
1201,32,서울특별시 강남구 역삼동 765-32,10,1,,101,103
1202,33,서울특별시 강남구 역삼동 755-4,15,1,,101,112
1203,33,서울특별시 강남구 역삼동 755-1,18,1,,301,305
1204,34,서울특별시 강남구 역삼동 762-3,15,1,,101,103
1205,34,서울특별시 강남구 역삼동 763-16,15,1,,201,208
1206,35,서울특별시 강남구 역삼동 754-1,15,1,,101,111
1207,35,서울특별시 강남구 역삼동 754,15,1,,101,107
1208,36,서울특별시 강남구 역삼동 713-7,15,1,,101,105
1209,36,서울특별시 강남구 역삼동 713-12,15,1,,205,207
1210,36,서울특별시 강남구 역삼동 716-3,25,1,,501,503
1211,36,서울특별시 강남구 역삼동 716,21,1,,101,
1212,37,서울특별시 강남구 역삼동 708-26,18,1,,,
1213,37,서울특별시 강남구 역삼동 708-25,6,1,,,
1214,37,서울특별시 강남구 역삼동 708-22,10,1,,,
1215,37,서울특별시 강남구 역삼동 708-20,14,1,,,
1216,37,서울특별시 강남구 역삼동 708-8,20,1,,,
1217,37,서울특별시 강남구 역삼동 708-7,4,1,,,
1218,37,서울특별시 강남구 역삼동 708-41,8,1,,,
1219,37,서울특별시 강남구 역삼동 708-6,15,1,,,
1220,37,서울특별시 강남구 역삼동 708-16,15,1,,,
1221,37,서울특별시 강남구 역삼동 708,19,1,,,
1222,37,서울특별시 강남구 역삼동 707-38,15,1,,,
1223,37,서울특별시 강남구 역삼동 707-27,18,1,,,
1224,37,서울특별시 강남구 역삼동 707-34,22,1,,,
1225,37,서울특별시 강남구 역삼동 707-19,24,1,,,
1226,37,서울특별시 강남구 역삼동 707-18,11,1,,,
1227,37,서울특별시 강남구 역삼동 707-17,,,,,
1228,37,서울특별시 강남구 역삼동 707-16,6,1,,,
1229,37,서울특별시 강남구 역삼동 707-15,11,1,,,
1230,37,서울특별시 강남구 역삼동 707-12,5,0,,,
1231,37,서울특별시 강남구 역삼동 707-11,4,0,,,
1232,37,서울특별시 강남구 역삼동 707-10,10,1,,,
1233,37,서울특별시 강남구 역삼동 707-9,12,1,,,
1234,37,서울특별시 강남구 역삼동 707-7,10,1,,,
1235,37,서울특별시 강남구 역삼동 707-4,,,,,
1236,37,서울특별시 강남구 역삼동 707-3,16,1,,,
1237,37,서울특별시 강남구 역삼동 707-2,17,1,,,
1238,37,서울특별시 강남구 역삼동 707-1,15,1,,,
1239,37,서울특별시 강남구 역삼동 706-9,14,1,,,
1240,37,서울특별시 강남구 역삼동 706-10,10,1,,,
1241,37,서울특별시 강남구 역삼동 706-11,10,1,,,
1242,37,서울특별시 강남구 역삼동 706-12,13,1,,,
1243,37,서울특별시 강남구 역삼동 706-19,15,1,,,
1244,37,서울특별시 강남구 역삼동 706-18,9,1,,,
1245,37,서울특별시 강남구 역삼동 706-17,8,1,,,
1246,37,서울특별시 강남구 역삼동 706-16,9,1,,,
1247,37,서울특별시 강남구 역삼동 706-15,10,1,,,
1248,37,서울특별시 강남구 역삼동 706-13,18,,,,
1249,37,서울특별시 강남구 역삼동 706-26,16,,,,
1250,37,서울특별시 강남구 역삼동 706-25,13,1,,,
1251,37,서울특별시 강남구 역삼동 706-24 진넥스빌2,11,,,,
1252,37,서울특별시 강남구 역삼동 706-20 한진넥스빌,26,1,,,
1253,37,서울특별시 강남구 역삼동 706 위워크타워,22,1,,,
1254,37,서울특별시 강남구 역삼동 706-1 카이트타워,20,1,,,
1255,38,서울 강남구 역삼동 709-5 테헤란아이파크,20,1,,101,106
1256,38,서울 강남구 역삼동 711-3 역삼자이아파트,28,1,,101,103
1257,38,서울 강남구 역삼동 710 현대까르띠에710아파트,20,1,,101,103
1258,38,서울 강남구 역삼동 712-3 강남센트럴 아이파크,26,1,,101,105
1259,38,서울특별시 강남구 역삼동 712-5 역삼센트럴2차아이파크,11,1,,,
